Name,Software,Telnet Server Address
0xDECAFBAD BBS,Synchronet,bbs.decafbad.com:6523
1 Lucky Nerd (Synchronet),Synchronet,lkynrd73.synchro.net:148
1 Lucky Nerd (TWGS),TWGS,lkynrd73.synchro.net:2002
13th Floor BBS,Image BBS,13th.hoyvision.com:6400
13th Leader BBS,Mystic,13leader.net:8023
20 For Beers BBS,Mystic,20forbeers.com:1337
300 F-ing Baud BBS,RYBBS,300baud.dynu.net:2525
32-Bit BBS,Spitfire,x-bit.org:23230
3D Realms,Synchronet,172.0.79.226
4 Wheel Ham BBS,Synchronet,bbs.4wheelham.com
4D2 Dot Org,Synchronet,bbs.4d2.org
64 Vintage BBS,Color 64,64vintageremixbbs.dyndns.org:6400
68k Mac Club,SubText,bbs.m68k.club
68K Time Machine BBS,Max BBS,68ktm.ddns.net:1024
8-Bit Archive,Synchronet,bbs.8-bitarchive.com:2223
8-Bit Boyz BBS,Mystic,bbs.8bitboyz.com:6502
8-Bit Playground,CNet DS2,8bit.hoyvision.com:6400
8Bit Club BBS,Synchronet,bbs.8bitclub.com:6502
A-Net Online (Game Server),Synchronet,game.a-net-online.lol:513
A-Net Online (Linux Synchronet),Synchronet,x.a-net.online:2323
A-Net Online (Mystic),Mystic,mystic-anet.online
A-Net Online (Spitfire),Spitfire,sf.a-net.online:2323
A-Net Online (Synchronet),Synchronet,a-net.online
A-Net Online (TWGS),TWGS,game.a-net-online.lol:2002
A1 BBS,Synchronet,a1bbs.ddns.net
Absinthe BBS,C-Net,absinthebbs.net:1940
Abyss BBS,YAWC,bbs.abyssnode.net
Ace of Spades BBS,Maximus,chaotix.ddns.net:2323
Acid Underworld,Mystic,blackflag.acid.org:31337
ACS BBS,Worldgroup,18.205.154.92
Adept BBS TWGS,TWGS,adeptbbs.com:2002
Adept Online Entertainment,Worldgroup,adeptbbs.com
Aerodrome,Apple II,theaerodromebbs.com:6502
Aftershock BBS,Synchronet,peterjschroeder.nsupdate.info
Agency BBS,Mystic,agency.bbs.nz
Agon BBS,Lightweight BBS,krion.io:1337
Agster,Synchronet,bbs.aghy.net
Aincrad BBS,WWIV,67.205.168.255:2323
Air & Wave BBS,Mystic,bbs.airandwave.net:2323
Al's Geek Lab BBS,Mystic,bbs.alsgeeklab.com:2323
Alcatraz BBS (Mystic),Mystic,alcatraz.xunil.co.nz
Alcatraz BBS (Synchronet),Synchronet,alcatraz.xunil.co.nz:2323
Alcatraz Prison BBS,BBS Express Pro,alcatrazbbs.ddns.net:9000
Alcoholiday BBS (Mystic),Mystic,alcoholidaybbs.com
Alcoholiday BBS (Renegade),Renegade,alcoholidaybbs.com:95
Ale's BBS,Enigma 1/2,manalejandro.com
Aleco Experience BBS,EleBBS,bbs.alecoexp.cz
Alien Mindbenders BBS,Mystic,195.43.155.90
Aliens' Alcove!,WWIV,aliens.ph:2323
Alltsk,Custom,fido.alltsk.ru
Alpha Centauri BBS,WWIV,acentauribbs.no-ip.org:2002
Alpha Complex,Talisman BBS,www.alphacomplex.us:2523
Alphachron BBS,MBSE,193.22.2.193
AlphaNet,Synchronet,2.236.17.38:2888
ALT119,Synchronet,bbs.alt119.net
Altair IV BBS,Mystic,altairiv.ddns.net:2323
Altair Mini BBS,Mystic,217.198.137.127
Altar of Wares,C-Base,altarofwaresbbs.hopto.org:6464
Alterant BBS,Synchronet,115.70.188.112:123
Altered Illusions BBS,Mystic,63.245.150.8
American Connection BBS,Synchronet,tacbbs.synchro.net
Amiga CBM BBS,Amiga CBM,amiganer.amms-bbs.de
Amiga City,Synchronet,amigacity.xyz
Amiga Retro Brisbane BBS,Mystic,www.amigaretro.com
Amiga Retro V4SA BBS,AmiExpress,amibbs.amigaretro.com:6880
Amiga Underground (AmiExpress),AmiExpress,amigaunderground.com:2300
Amis XE,Atari,amis86.ddns.net:9000
AMSTRAD BBS,Synchronet,amstrad.simulant.uk:464
Analog Waffle,Waffle BBS,waffle.c4bmore.com:2001
Anarchy Underground,C-Base,65.27.8.81:2300
Androids Dungeon,Mystic,bbs.androidsdungeon.co.uk
Anduin BBS,Synchronet,bbs.anduin.net
Animation Game Station (Animeyo),Custom,54.238.90.108
Another Droid BBS,Mystic,andr01d.zapto.org:9999
Another F-ing BBS,Mystic,anotherbbs.dynu.net:1337
Another Wildcat BBS,Wildcat,104.190.144.121:6400
ANSITex,Synchronet,115.70.188.112
Anti Earth Union Government (Chinese),MapleBBS,125.229.104.182
Antidote,C-Base,antidote.triad.se:64128
Antikitera,Synchronet,technotron.asuscomm.com
Anybox BBS,Synchronet,anybox.freedyndns.de
Arcadia BBS,Mystic,bbs.arcadiabbs.com
Archaic Binary,Custom,bbs.archaicbinary.net
ArcticZone Online Entertainment (1),Worldgroup,bbs.arcticzonebbs.net
ArcticZone Online Entertainment (2),Worldgroup,bbs2.arcticzonebbs.net
ARDA-BBS.com,Mystic,arda-bbs.com
Area 52,BBS Express!,area52.tk:5200
Arena BBS,Mystic,netasylum.com:2323
Aro2220 TWGS,TWGS,reerelic.com
ARTNET,Synchronet,50.116.51.149
Ashland International Market,Wildcat,ashlands.com
AT2K Design BBS,Virtual Advanced,bbs.at2k.org
Atavachron BBS,Synchronet,bbs.atavachronbbs.net:22
Athelstan BBS,Synchronet,athelstan.org
Atlantis BBS,Image BBS,75.8.224.32:6401
Atmosphere BBS (NTU),Custom,bbs.as.ntu.edu.tw
Attic BBS,Synchronet,theattic.v1cd3m1z3r.net
Avalon Isle BBS,Image BBS,atl.ddns.net:6400
Avast! BBS,Worldgroup,avastbbs.servegame.com
Avogodro BBS,Enigma 1/2,137.184.181.34:8888
Back In Time,Synchronet,backintime.ddns.net:6510
Back to the Future (SSH),Unknown,bttfbbs.com:22
Backwood Realm BBS,Synchronet,bwrbbs.ddns.net
Baffa BBS,Mystic,baffa.zapto.org:2323
Bahamut BBS,MapleBBS,bbs.gamer.com.tw
Barbaria (SSH),Unknown,barbaria.norbus.com:22
Basement BBS,BBS Express Pro,basementbbs.ddns.net:9000
Bass Planet,Enigma 1/2,thebassplanet.com:64128
Baudville,Atari,amis86.ddns.net:9000
Bayou BBS,Image BBS,jayctheriot.com:6401
BBS Development,Synchronet,bbsdev.net
BBS GameTime (MajorBBS),MajorBBS,freespeak.hopto.org:1337
BBS GameTime (Menu),Unknown,freespeak.hopto.org
BBS GameTime (PCBoard),PCBoard,freespeak.hopto.org:233
BBS GameTime (Synchronet),Synchronet,freespeak.hopto.org:23233
BBS OldChat,Custom,bbs.oldchat.ru
BBS Orreli,Mystic,bbs.orreli.net:45023
BBS Retrocampus,Mystic,bbs.retrocampus.com
BBS Tournament Wordle,Unknown,bbswordle.com
BBS.JasonWalker.ca,Synchronet,bbs.jasonwalker.ca:2323
BBS.Telearena.us,Unknown,bbs.telearena.us
BCG-Box,Synchronet,bbbs.net
BCR Games Server,Synchronet,bcrgames.com:31337
Bear's Den,Synchronet,bbs.bearfather.net
Beckinsdale,Unknown,76.213.177.217
Become Bananas BBS,Synchronet,bbbbs.synchronetbbs.org
BeeBS II,Unknown,beebs.ddns.net:6502
BEER-ISAC BBS,Unknown,31.220.63.185:2323
Beiyou Forum,MapleBBS,bbs.byr.cn
Big Rabbit BBS,Unknown,bunnybbs.tw
Big Time BBS,Mystic,bigtimebbs.net:2323
Big5 BBS,Unknown,39.106.161.147
Biker Bob's Clubhouse,Unknown,bbsclubhouse.ddns.net:1040
BirdEnuf BBS,Unknown,bbs.birdenuf.com:2003
Bitpunk BBS,Enigma 1/2,bbs.bitpunk.fm:8888
Bits & Bytes BBS,Synchronet,bbs.bnbbbs.net:2023
Bitwoods RBBS-PC,Unknown,bitwoods.duckdns.org
Black Flag BBS,Mystic,blackflag.acid.org
Black Sheep Squadron,Unknown,104.190.144.121:6401
Black Tower BBS,Mystic,blackflag.acid.org:26
BlackICE,Unknown,88.153.40.209
Blacklight Underground,Unknown,acentauribbs.no-ip.org:2424
Blackstar BBS,Unknown,blackstar-bbs.servegame.com
Blood Stone,WWIV,wwiv.bsbbs.com:2323
Blood Storm,Synchronet,bstorm.synchro.net
BLOODBBS,Synchronet,blood.bbsn.us:2323
Blue Wave BBS,Unknown,110.232.113.108
Boar's Head Tavern,Enigma 1/2,byob.hopto.org:64128
BodaX BBS,Mystic,bbs.beardy.se
BoobTube,Unknown,bbs.wz5bbs.com
Books Chess Server,Unknown,books.internetking.us:5000
Boot Factory 2K+,Enigma 1/2,bfbbs.no-ip.com:8888
Borderline BBS,Image BBS,borderlinebbs.dyndns.org:6400
Bottomless Abyss BBS,Synchronet,bbs.bottomlessabyss.net:2023
Brain Storm BBS (SSH),Unknown,bsbbs@bsbbs.com.br:22
BrainToys BBS,Unknown,braintoys.org
Brazi.net,Unknown,brazi.net
Brett Bender BBS,Mystic,207.90.251.241:2323
Brewery BBS,Image BBS,thebrewery.servebeer.com:6400
Brian's Blog TWGS,Unknown,tw2002.briancmoses.com
Brigandine,Unknown,brigandine.org:9390
Brokedown Palace BBS,Mystic,palace.brokedownpalace.online:2323
Broken Bubble,Synchronet,bbs.thebrokenbubble.com
Bumgun Club BBS,Unknown,bumgun.club
Bunker 3,Unknown,75.240.27.141:8888
Butterfly BBS,Unknown,211.68.71.66
Byte Me BBS,Mystic,chat.hohimer.org:2323
ByteBarn BBS,AmiExpress,bbs.bytebarn.de:2300
ByteXchange BBS,Unknown,bbs.thebytexchange.com
C3BBS,Unknown,c3bbs.retronetworking.org
C64 Pub,Unknown,bbs.c64.pub
Cabana Bar BBS,Unknown,bbs.cabanabar.net:11123
"Cabin BBS, The",Unknown,thecabinbbs.com:6400
Camelot BBS,Synchronet,camelotb.synchro.net
Canerduh BBS,Synchronet,bbs.canerduh.com:23905
Capital Station BBS,Unknown,csbbs.dyndns.org
Capitol City Online BBS,Unknown,capitolcityonline.net
Capitol Shrill BBS,Unknown,capitolshrill.com
Captain's Quarters BBS II,AmiExpress,cqbbs.ddns.net:6800
Castle BBS,Unknown,47.46.52.130
Castle Rock BBS,Synchronet,cedarvalleybbs.com:2424
Catpit BBS,Unknown,bbs.cis92.net
Catsweat TWGS,Unknown,24.88.72.99
Cave BBS,Unknown,cavebbs.homeip.net
CB2 Micro BBS,Unknown,email.qrp.gr:2323
Cbaxyz TWGS,TWGS,tdod.org:2002
CBBS/TN,Unknown,cbbs.mitsaltair.com:8800
CCUW BBS,Unknown,rtc.to
CCX BBS,Unknown,bbs.ccxbbs.net
CedarValley BBS,Synchronet,cedarvalleybbs.com:2525
CedarValley BBS 2,Synchronet,cedarvalleybbs.com:2626
Cellar BBS,Unknown,thecell.ar:1040
Cement City,Unknown,scenewall.bbs.io:4000
Censorship BBS,Unknown,blog.zenithrifle.cfd:8888
Central Ontario Remote (Mystic),Mystic,centralontarioremote.net
Central Ontario Remote (TWGS),TWGS,centralontarioremote.net:2002
Centronian BBS,Image BBS,centronian.ca:6400
Cheez Daddy's House of Funk,Unknown,atari8.us:10001
Choice Core BBS (1st),Unknown,1stchoicecore.co.nz
Choice Core BBS (2nd),Unknown,2ndchoicecore.nz:1024
Chookfest BBS,AmiExpress,bbs.chookfest.net:6800
Chris BBS,Unknown,5.231.180.215
Christian Fellowship,Unknown,cfbbs.no-ip.com:26
Chrome 30 BBS,Unknown,3.136.234.155
Chrysalis Online Services TBBS BBS,Unknown,chrysalisbbs.org:8888
CIA Amiga BBS,Image BBS,ciaamiga.org:6400
CIRCL's BBS,Mystic,bbs.circl.lu
Citadel 64 BBS,Color 64,citadel64.thejlab.com:6400
Cittadella BBS,Unknown,bbs.cittadellabbs.it:4001
City on the Edge of Forever,TWGS,interzone.annexia.xyz:2002
CJ's Place,Unknown,cjsplace.thruhere.net
Clacker Works,Unknown,cw.qc.to:9000
Classic BBS,Unknown,board.classicbbs.net:9339
Classic Computing BBS,Unknown,bbs.classiccomputing.net
Classic Macs BBS,Synchronet,macos.retro-os.live
Clover BBS,Unknown,51.89.167.62
Clover Love (Chinese),Unknown,segaa.net
Clube da Insonia BBS,Unknown,bbs.conf.eti.br
Clutch,Unknown,clutchbbs.com
Coal Mine BBS,Unknown,84.104.78.157
Code Red BBS,Synchronet,coderedmud.servegame.com:2323
Cold Fusion BBS,Unknown,cfbbs.net
Cold Winter Knights,Enigma 1/2,coldwinterknights.net:8888
Colorado Springs Central Net TWGS,TWGS,cscnet1.net:2002
Colorado Springs Network,Unknown,cscnet1.net
Colossus BBS,Unknown,bbs.qzwx.com
Commander Central,Unknown,45.10.160.94
Commodore 4ever BBS,Unknown,c4everbbs.ddnsgeek.com:20098
Commodore Image,Image BBS,cib.dyndns.org:6400
Commodore Image II,Image BBS,cib.dyndns.org:6401
Commodore Image III,Image BBS,cib.dyndns.org:6402
Comms Nuts BBS,Unknown,203.38.121.134:2323
Computer Express,Unknown,cebbs.costakis.org
Computer God,Synchronet,cpugod.synchro.net
Concrete Roots,Unknown,concreteroots.servebbs.org
Constructive Chaos BBS,Synchronet,conchaos.synchro.net
Constructive Chaos TWGS,TWGS,conchaos.synchro.net:2002
Convolution,Unknown,convolution.us
Cool Blue TWGS,TWGS,76.147.103.179:2002
Cool David,Unknown,bbs.cooldavid.org
Cottonwood BBS,Color 64,cottonwoodbbs.dyndns.org:6502
Crack In Time BBS,Synchronet,crackintimebbs.ddns.net:2323
Crackhouse,Unknown,217.180.203.58
Crappie Cracker Online BBS,Synchronet,67.190.218.57:2323
Crazy Eric's BBS,Unknown,bbs.crazyerics.com
Crazy Paradise,Synchronet,cpbbs.de:2323
Crusty Chicken TWGS,Unknown,69.4.62.151
Crypt BBS (2),Synchronet,thecrypt.synchronetbbs.org:513
Crystal Palace,Unknown,cptalker.com:9900
Cyber Sword,Unknown,bbs.excalibursheath.com
Cyberia BBS,Unknown,sysgod.org:23000
Cyberspace BBS (Synchronet),Synchronet,cyberspacebbs.net
Cyberspace BBS (Worldgroup),Worldgroup,cyberspacebbs.net:2323
D0P3 BBS,Unknown,bbs.intersrv.net
Danger Bay BBS,Mystic,dangerbaybbs.dyndns.org:1337
Dank Domain,Unknown,play.ddgame.us
Dark Endless,Synchronet,darkendlessbbs.hopto.org:6510
Dark Game BBS,Unknown,darkgame.buanzo.org
Dark Realms,Synchronet,bbs.darkrealms.ca
Dark Systems BBS,Synchronet,bbs.dsbbs.ca
Dark Wastelands,Enigma 1/2,darkwastelands.com:8888
DarkAges BBS,Unknown,serverme.net
"DarkForce! BBS, The",Unknown,darkforce-bbs.dyndns.org:1040
Darklevel,Enigma 1/2,darklevel.hopto.org:64128
DarkMatter's TWGS,Unknown,twgs.geekm0nkey.com
Darkwood BBS,Unknown,darkwood.ddns.net
Datotal,Unknown,datotal.net:35723
Dave's BBS,Unknown,143.223.235.160
Dawn of Demise (MajorBBS),MajorBBS,tdod.org:3000
Dawn of Demise (Synchronet),Synchronet,tdod.org:5000
Dawn of Demise (Worldgroup),Worldgroup,tdod.org
Dead Carrier BBS,Synchronet,the-rotten-core.strangled.net:2323
Dead Internet Society,Synchronet,deadinternet.synchronetbbs.org
Dead Zone BBS,Enigma 1/2,dzbbs.hopto.org:64128
Deadbeatz BBS,Unknown,deadbeatz.org
Death Row BBS,Unknown,deathrow.servebbs.org:1001
DeepSkies BBS,Color 64,bbs.deepskies.com:6400
Defile BBS,Unknown,50.110.169.17
Delta City BBS,Synchronet,deltacity.se
Demigoth BBS,Unknown,bbs.demigoth.com
Demonsnet BBS,Unknown,demonsnet.com
Desert Rats Sanctuary TWGS,TWGS,bbs.kn6q.org:2002
DHXY,Unknown,dhxy.info
Diamond Mine Online (Synchronet),Synchronet,bbs.dmine.net:24
Diamond Mine Online (WWIV),WWIV,bbs.dmine.net:2323
Digicom BBS,Synchronet,bbs.digicombbs.com:2323
Digital Dial BBS,AmiExpress,digitaldial.homeunix.com:2300
Digital Distortion,Synchronet,bbs.digitaldistortionbbs.com
Digital Lethargia BBS,Unknown,www.diglet.ca
Digital Post,Unknown,thedigitalpost.freeddns.org
Digital Rainbow,Unknown,bbs.digitalrainbow.info
Digital Zone,Synchronet,5.150.245.20:2323
Dime BBS,Renegade,alcoholidaybbs.com:94
Disconnected by Peer BBS,Unknown,bbs.disconnected-by-peer.at
Diskbox ][,Unknown,tag.diskbox2.net
Diskhoppers Palace BBS,Synchronet,diskhopp.synchro.net
Distortion,Synchronet,d1st.org
DJ Dave BBS,Enigma 1/2,djdave.uk:8088
DJ's Place,Unknown,bbs.impakt.net:6502
DLWX BBS,Unknown,107.175.69.10:60023
DniproWave BBS,Unknown,bbs.net.ua
Dock Sud,Unknown,bbs.docksud.com.ar
Dogtown BBS,Unknown,bbs.kiwi.net
Donghua Univ. Oriental Town,MapleBBS,bbs.ndhu.edu.tw
Door Games Unlimited,Synchronet,dgu.strangled.net
Dove Only,Unknown,casper.homeip.net
DownUnder BBS,Unknown,202.90.240.159
Dragon World BBS,Unknown,dwbbs.ddns.net
Dragonsweb Labs BBS,Synchronet,bbs.dragonsweb.org
Drakefire BBS,Unknown,bbs.drakefire.com
Dream Garden,Unknown,cd.csie.io
Dream Land BBS,Unknown,ccns.cc:3456
Dreamer's Place,Unknown,dreamers.place
Dreamland BBS,Unknown,104.174.3.6
Dreamline BBS,Unknown,din.asciiattic.com
Droidalverse TWGS,Unknown,204.111.226.188:99
DUAO BBS,Unknown,hermes.okyler.com
Dundarach BBS,Unknown,dundarach.tplinkdns.com
Dungeon BBS,Unknown,59.167.142.49:22
Dura-Europos,Unknown,dura-bbs.net:6359
Dynamite BBS (1),Unknown,dynamite.bbsing.com
Dynamite BBS (2),Synchronet,dynamite.synchronetbbs.org:513
Dyslexic Donkey,Unknown,dydo.erb.pw:1337
Eagle's Dare BBS,Unknown,bbsdoors.com
Eaglewing BBS,Image BBS,dantheman.freeddns.org:6400
Eat My Shorts! BBS,Unknown,ems-bbs.com
Echo Base BBS,Unknown,96.27.249.221
Echo Chamber BBS,Unknown,echochamber.zapto.org:3640
Eclipse BBS,Unknown,eclipsebbs.com
Efectolinux,Mystic,bbs.efectolinux.com
Eldritch Clockwork,Mystic,eldritchclockwork.net
Electraphysics,Unknown,142.11.212.221
Electronic Chicken BBS,Synchronet,bbs.electronicchicken.com
Elevator BBS,Unknown,162.212.158.202
Emerald Hill BBS,Unknown,bbs.emeraldhill.org
Emerald Valley,Unknown,bbs.emeraldvalley.net
EMU486,Unknown,bbs.emu486.net
Enchanted BBS,Unknown,47.38.20.227
End Of The Line BBS,Unknown,endofthelinebbs.com
ENiAC 2.0 BBS,Unknown,eniacv2.net:1337
Enigma BBS,Unknown,enigma-bbs.com
Enigma Echo,Synchronet,84.152.32.107:2323
Enlight BBS,Image BBS,enlight.hopto.org:6400
Enterprise BBS,Mystic,enterprisebbs.ddns.net:1701
Entropy BBS,Unknown,121.99.249.4
ERICADE Network,Unknown,the.ericade.net
Error 200 Tech BBS,Synchronet,bbs.error200.tech:1337
Error 404 (TWGS),Unknown,error404bbs.ddns.net:24
Error 404 BBS File Server,Unknown,error404bbs.ddns.net:513
Error 404 BBS Phone Book,Unknown,error404bbs.ddns.net:419
Escape To Other Worlds,Synchronet,etow.synchro.net
Eternal Domain BBS,Synchronet,bbs.eternaldomain.net
Ethernet Gateway,Unknown,ethernetgateway.com
Exoplanet,Unknown,exoplanetbbs.net
Extreme BBS,Unknown,bayvillewireless.com
Extricate BBS,Unknown,bbs.extricate.org
Eye of the Beholder,Unknown,fido.beholderbbs.org
Eye of the Storm,Unknown,on.the.net.nz
Fading Black,Unknown,23.95.146.28:8282
Faith Collapsing BBS,Synchronet,bbs.faithcollapsing.com:2323
Faker BBS,Enigma 1/2,thafaker.crabdance.com:8088
Family BBS,Unknown,familybbs.ddns.net
Fatcats BBS,Unknown,fatcatsbbs.com
FDD1,Unknown,fdd.one
Fennec BBS,Unknown,50.116.41.177
Fercho BBS,Synchronet,ferchobbs.ddns.net:2323
File Bank BBS,Synchronet,tfb-bbs.org
Files 4 Fun BBS,Synchronet,bbs.f4fbbs.com:2323
Fireball Express (VADV),Virtual Advanced,vadv.fireballex.com:2323
Fireside BBS,Synchronet,firesidebbs.com:23231
First Division,Unknown,158.174.185.101:1987
FlipperZero BBS,Synchronet,bbs.gglab.cloud:2323
FlupH BBS,Unknown,fluph.zapto.org
Fluxpod Information Exchange,Unknown,fix.no:24
FMRL,Searchlight,fmrl.throwbackbbs.com:2324
Foenix Rising (1),Unknown,192.184.90.222:256
Fool's Quarter BBS,Synchronet,fqbbs.synchro.net
Forem XE BBS,Unknown,foremxebbs.ddns.net:9999
Forgotten Memories,Unknown,dazexy.synology.me:52323
Fortress of Doom,Color 64,fodbbs.dyndns.org:6502
Forze BBS,Unknown,bbs.opicron.eu
Free Corner,Unknown,bbs.debonne.eu
Freeside BBS,Unknown,freeside.bbs.io
Freeway BBS,Unknown,freeway.vkradio.com
French Connection,Unknown,72.38.168.118:31023
Fria Bad BBS,Enigma 1/2,78.69.198.127:64128
Frozen Floppy BBS,Enigma 1/2,bbs.retrohack.se:64128
Frugal Computing BBS,Synchronet,frugalbbs.com:513
fTelnet Demo Server,Unknown,bbs.ftelnet.ca
Fuji Summit,Unknown,winnow.1q1.me
Funtopia,Mystic,funtopia.ddnss.eu:3023
Furry Refuge,Unknown,bbs.furryrefuge.com
Future World II,CNet DS2,fw2.cnetbbs.net:6800
Galactic Explorers TWGS,TWGS,galacticexplorers.servegame.com:22002
Galaxy 74 BBS,Unknown,galaxy74bbs.com
Game Master,Unknown,bbs.game-master.com
Gamenet BBS Network,Synchronet,gamenet.synchronetbbs.org
Gate BBS (Synchronet),Synchronet,thegateb.synchro.net
Gate BBS (WWIV),WWIV,thegateb.synchro.net:2424
GatorNet HQ BBS,Synchronet,gatornet.us
GCC-BBS,Unknown,gcc-bbs.com
GDOS BBS,Synchronet,gdos.synchro.net
Generation III Pot-D,Unknown,geniv.dyndns.org:150
Genetic-Point BBS,Unknown,g-point.tunk.org:500
Ghosts in the Machine,Unknown,ghostmachine.ddns.net:1717
GigaBite BBS,Unknown,bbs.gigabite.se
GlitchNet,Unknown,50.115.170.113
Global Chaos BBS,Unknown,globalchaosbbs.com
Global Village BBS,Synchronet,the.globalvillagebbs.net:2323
Goldmine Community Door Game Server,Synchronet,goldminedoors.com:2513
Goosenet BBS,Unknown,bbs.g00r00.com
Gridlock BBS,Synchronet,gridlock.synchro.net
Grimoire BBS,Unknown,grimoirebbs.sytes.net
"Grinches Realm, The",Unknown,tgr.freeddns.org
Ground Control BBS,Synchronet,gcbbs.net:2323
Ground Zero BBS,Synchronet,71.239.223.149:2323
Guardian of Forever,Synchronet,guardian.synchro.net
Guru BBS,Unknown,bbs.bajer.cz:32
Haciend El Bananas,Enigma 1/2,haciend.com:8821
Hackmeeting 0x1B BBS,Unknown,95.217.16.88:8888
Hagar's Helpline,Unknown,hagars.org.uk:24
Halcyon BBS,Unknown,halcyonbbs.scisweb.org
Halls of Valhalla BBS,Synchronet,hovalbbs.com:2333
Happyland,Unknown,citadel.dc540.org:23230
Harbor BBS,Unknown,96.30.192.92
Hard Drive Cafe,Unknown,hdcbbs.com
Hated Reality,Unknown,hatedreality.homeunix.net
Hawaii BBS Atari 8 Bit,Unknown,atari-bbs.zapto.org:8888
Hax0r's Palace,Unknown,telnet.unknownrealm.org
Heatwave,Color 64,heatwave.ddns.net:9640
Heights BBS,Unknown,heightsbbs.heightspc.net:6860
Herbies BBS II,Unknown,herbies-bbs.ddns.net
Herbies-BBS III,Synchronet,herbies-bbs.ddns.net:2424
HeXed BBS,Synchronet,hexedbbs.com:23999
Hidden BBS,Enigma 1/2,the-hidden.hopto.org:64128
Hidden Paradise,Unknown,hpbbs.dyndns.org
Hidden Paradise II,Synchronet,hpbbs.dyndns.org:2323
High Desert BBS,Image BBS,highdesertbbs.ddns.net:6400
Highernest TWGS,Unknown,199.244.48.171
HispaMSX BBS,Unknown,bbs.hispamsx.org
Hobbit Empire,Unknown,bbs.hobbitempire.net:6501
Hobbit Station BBS,Unknown,wfido.ru:1234
Hobby Line! BBS,Unknown,hobbylinebbs.com
Hohimer BBS,Mystic,mail.hohimer.org:1336
Hold Fast BBS,Synchronet,interzone.annexia.xyz:2323
Hologram Computing BBS,Synchronet,sbbs.hologramcomputing.net
Honey-At-Home,Unknown,31.133.0.38
Horizon BBS,Unknown,bbs.horizonbbs.org
Hotwire BBS,Unknown,hotwirebbs.dyndns.org:4800
House of Baud BBS,Enigma 1/2,houseofbaud.com:8888
Huanian Xiaoji,Unknown,literature.twbbs.io
HyNET BBS,Unknown,bbs.hyena.network
Hysteria BBS,Synchronet,bbs.retrorewind.ca
IB-BBS,Unknown,bbs.ibbs.be
Ice Castle BBS,Unknown,ice-castle-bbs.net
Ilefinian Castle,Unknown,bbs.elwynor.com
Imzadi Box,Unknown,box.imzadi.de
Inconsistency BBS,Synchronet,66.228.57.87:2323
Infinite Dream BBS,Unknown,aws1.fmerino.com.br
Infonet BBS,Synchronet,bbs.rclabs.com.br:2323
Inner Core,Synchronet,sbbs.ricin.io
Insane Asylum BBS,Synchronet,tiabbs.synchro.net
Insomnia,Synchronet,insomnia.synchronetbbs.org
Integrated Telecommunications Centre,Unknown,itcbbs.ddns.net:23000
Internetking's Tradewar 2002 Server,Unknown,tw.internetking.us
Interzone BBS,Unknown,bbs.interzone.cloud
Iowa Student Assc. BBS (ISCA),Unknown,bbs.iscabbs.com
IPTIA BBS (Synchronet),Synchronet,bbs2.ipingthereforeiam.com:2323
ISIS Unveiled,Unknown,70.123.70.30
ITBnet BBS,Unknown,bbs.itbnet.eu
Itchy Butt BBS (Color 64),Color 64,itchybutt.org:6502
Jamaica Joe's,Unknown,bbs.jamaicajoes.net:8011
JawnCon0x1 BBS,Enigma 1/2,157.245.141.84:8888
Joe's Computer BBS,Synchronet,joesbbs.com
"Jolly Roger BBS, The",Mystic,bbs.thejollyrogerbbs.com:8023
JRS Security,Unknown,www.jrs-security.com
JumpStart BBS,Unknown,www.exciter.ws
Jungle BBS (1),Unknown,junglebbs.com
Jungle BBS (2),Unknown,bbs.junglebbs.com
Jupiter,Unknown,jupiter.bbs.io
Kaypro BBS,Unknown,71.236.163.239
KCM BBS System,Synchronet,zahrl.ddns.net:2023
KD3net,Unknown,bbs.kd3.us
KD8HFX,Unknown,bbs.kd8hfx.net
KEEP BBS,Unknown,thekeep.net
Kernel Fortress,Unknown,kernelfortress.org
Kilobaud,Enigma 1/2,bbs.kilobaud.xyz:8888
Kilobyte,Unknown,24.166.43.233
Kingdom's End BBS (Synchronet),Synchronet,sbbs.kingdomsendbbs.net
Kirika BBS,Unknown,andcycle.idv.tw
KiwiMates,Unknown,96.231.233.47
Korenblom,Mystic,bbs.korenblom.nl
Kraaby Gamer BBS,Synchronet,kraaby.synchro.net
Kuehlbox,Unknown,kuehlbox.wtf
"Lab BBS, The",Synchronet,bbs.dicksonlabs.net:2325
Lake House BBS,Synchronet,lakehouse.lilpenguins.com:2333
Land of Frogs and Contemplation,Unknown,lofac.mintyfresh.love
Land of the Lost,Unknown,landofthelost.ca:2300
Landover BBS,Synchronet,landover.synchronetbbs.org
Last Rangers' BBS,Unknown,lastrangers.com
Leisure Time BBS,Synchronet,bbs.riddells.net:10023
Level 29,Unknown,bbs.fozztexx.com
Lexicon BBS (Image BBS),Image BBS,lexiconbbs.com:6400
Liane BBS,Unknown,bbs.vslib.cz
Lilac Community BBS,Unknown,lilacbbs.com
Liquid Digital,Unknown,98.212.225.126
Live Wire BBS,Synchronet,livewirebbs.com:1025
Local Yocal BBS,Unknown,localyocalbbs.com
Lofi BBS,Unknown,lofi.rip
Lopht BBS,Synchronet,lopht.hexedbbs.com:1337
Lord Raptor's Domain,Unknown,150.221.218.212
Lord.stabs.org,Unknown,lord.stabs.org
Lost Caverns BBS,Color 64,tlcbbs.dynu.net:6400
Lost Chord BBS (Commodore BBS),Color 64,tlcbbs.synchro.net:6400
Lost Chord BBS (Searchlight BBS),Searchlight,tlcbbs.synchro.net:6023
Lost Chord BBS (Synchronet BBS),Synchronet,tlcbbs.synchro.net
Lostways BBS,Unknown,98.144.7.205
LowCrash DEV BBS,Enigma 1/2,bbs.lowcrash.dev:8888
LSNET Archive,Synchronet,bbs.lsnet.dev:513
Lunar Mod,Synchronet,bbs.beanzilla.net:2323
Lunatics Unleashed BBS,Synchronet,lunaticsunleashed.ddns.net:2333
LV-426,Unknown,lv426bbs.hopto.org:6464
Lytical HackFund BBS,Enigma 1/2,134.209.40.1:31337
M. Station,Unknown,mstation.servebbs.com
Machdyne BBS,Unknown,206.189.226.31
Made To Raid,Synchronet,bbs.madetoraid.com:2323
Madman with a Blue Box,Unknown,madmanbbs.ddns.net
MadWorld BBS,Unknown,www.madworldbbs.com:52146
Magic Systems,Synchronet,86.88.76.77:6323
Magnum BBS,Unknown,magnumbbs.net
Mahoney-Clan TWGS,Unknown,209.126.4.147
Maiks Place BBS,Synchronet,bbs.maik.ch:2323
Major Mudd,Unknown,majormud.gotdns.com
MajorBBS Official Demo BBS,Unknown,bbs.themajorbbs.com
Maker BBS,Synchronet,73.11.3.16:2323
Malevolence,Unknown,jf2.elderec.net
Maniac Zone,Synchronet,tmz.synchro.net
Manic Modem BBS,Unknown,telnet.manic-modem.com
Mark Van Daele's TWGS,Unknown,game.tw2002.net
Master Boot Record,Unknown,mbrserver.com
MasterCom,Unknown,bbs.sunspothq.dyndns.org
Mastodon,Unknown,mastodon.uy
MaxBBS,Synchronet,maxbbs.ddns.net:24023
Mbpeikert,Unknown,mbpeikert.ddns.net
MBSE Professional Dev BBS,Synchronet,phoenix.bnbbbs.net:2323
Medusa BBS,Unknown,174.3.235.112:230
Mega BBS Public BBS System,Image BBS,themegabbs.com:6400
Mel's Diner BBS,Unknown,bbs.greenphosphor.ca:6623
Memphis TW BBS,Synchronet,bbs.memphistw.org
Memphis TW TWGS,TWGS,bbs.memphistw.org:2002
Metal Zone,Synchronet,tmzbbs01.synchro.net
Metro Olografix,Unknown,bbs.olografix.org
Meuw BBS,Unknown,3.18.220.180
MicroBlaster TWGS,TWGS,microblaster.net:2002
Micropolis BBS,Unknown,89.58.56.146
Microtown BBS,Color 64,microtownbbs.com:6400
Midnight Club,Unknown,club.midnight-club.org
Midnight Lounge,Unknown,67.149.17.69
Mimac Rebirth,Synchronet,mimac.bizzi.org:2323
Missing Links,Unknown,mlinks.com
Mistress of Fire,Unknown,mistressoffire.com
Miya Net,Unknown,miyanet.moe
Mizuki Community (Newsmth BBS),MapleBBS,bbs.newsmth.net
MMN BBS,Unknown,mail.oh.mg
Modemo Tider,Unknown,modematider.selstam.nu:50023
"Modern Retro, The",Synchronet,173.217.78.103:2323
Moe's Tavern,Unknown,moetiki.ddns.net:27
Mojo's World BBS,Synchronet,mojo.synchro.net
Monochrome,Unknown,mono.org
Monterey BBS (Daydream),Daydream,137.184.84.9
Monterey BBS (Mystic),Mystic,montereybbs.com
Moon Base Alpha (TWGS),TWGS,mba.dnsalias.com:2002
Moon Base Alpha (VADV),Virtual Advanced,mba.dnsalias.com
Moratahack,Unknown,moratahack.com
MorningSide Mortuary,Unknown,mortuary.ddns.net
Mousenet,Unknown,bbs-mousenet.dynip.online:8889
Mouth of Hell BBS,Unknown,mouthofhell.duckdns.org
Mozy's Swamp and Red Dwarf BBS,Synchronet,bbs.mozysswamp.org
Mozy's Swamp and Red Dwarf TWGS,TWGS,bbs.mozysswamp.org:24
MS-Bob BBS,Unknown,msbob.org
MSmac BBS,Unknown,msmacbbs.maletazul.pt
MtlGeek (Synchronet),Synchronet,mtlgeek.synchro.net
MtlGeek (TWGS),TWGS,mtlgeek.synchro.net:2002
Muinet,Synchronet,muinet.com:2323
MULTINUBE-BBS,Unknown,multinube.net
Music Station,Unknown,bbs.bsrealm.net
Mutiny BBS (1),Synchronet,mutinybbs.com:2332
Mutiny BBS (2),Synchronet,mutiny.cigdangle.com:65023
Mutiny Brazil,Synchronet,51.222.231.228:2323
Mutiny Community,Unknown,mutinybbs.com:2300
My Retro Computer,Unknown,myretrocomp.com
Mysmth BBS,MapleBBS,bbs.mysmth.net
Mysteria Majicka BBS,Virtual Advanced,majicka.at2k.org:1955
Mystic Garden,Mystic,bbs.akitsune.dev
Mystic Hobbies,Unknown,mystic-hobbies.com
Mystic Mountain BBS,Enigma 1/2,pyroto.mysticmountain.us:8086
Mystic Night BBS,Unknown,69.244.173.57
Mystic Realms,Synchronet,mysticrealms.ddns.net:11000
Mystic Rhythms BBS,WWIV,mystic.wwivbbs.org
Mystical Realm BBS,Unknown,mysticalrealmbbs.com
Mythical Kingdom Tech BBS,Image BBS,ice.lilacway.com:3000
Mythical Kingdom Tech SBBS,Synchronet,bbs.mythicalkingdom.com:5023
Nanyang Inn,Unknown,bbs.nykz.net
NE BBS,Unknown,nebbs.servehttp.com:9223
NerdRage BBS,Unknown,142.90.39.212
Nervous Hospital,Unknown,thenervoushospital.com:1996
Netcrave Communications,Unknown,bbs.netcrave.io
NetPoint,Unknown,185.229.238.56
Netpoint BBS,Unknown,netpoint.webhop.me
Netpoint TWGS,TWGS,netpoint.webhop.me:2002
Nettwerked BBS,Synchronet,nettwerked.synchronetbbs.org
Never Never Land BBS,Synchronet,neverneverlandbbs.com:2323
New World of the Internet,Unknown,209.141.35.127
Nexus BBS,Unknown,nexus.aefinity.io
Nightbite BBS,Mystic,nightbite.redirectme.net:2323
Nikom BBS,Synchronet,bbs.nikom.org:2323
Nine Worlds BBS,Unknown,thenineworlds.dnshome.de:923
Ninjalane Labs BBS,Unknown,209.161.6.234:223
Nite Eyes BBS,Unknown,bbs.lizardmaster.com
NiteLite BBS,BBS Express Pro,nitelite.ddns.net:9000
Nitro Store,Unknown,52.3.252.74
No Carrier BBS,Unknown,bbs.wehack.net
Non-Existant BBS,Unknown,174.24.123.81
North One Girls Middle School,Unknown,fgisc.org
Northern Palace,Unknown,thenorthernpalace.com:2020
NostalMania,Unknown,nostalmania.com
Not Cows,Unknown,45.63.69.192
Nottingham BBS,Synchronet,nottinghambbs.com:2323
NoWhere TWGS,TWGS,joestavern.ddns.net:2002
NRG BBS Systems,Unknown,nrgbbs.ddns.net:520
Nuclear Club,Synchronet,nuke.club:513
Nut Asylum (Mystic),Mystic,108.29.0.206:2323
Nut Asylum (Wildcat),Wildcat,108.29.0.206
Nwonknu,Unknown,bbs.nwonknu.net
Oasis BBS,Color 64,oasisbbs.hopto.org:6400
Off The Wall,Synchronet,offthewall.dmxrob.net
Oiran Alien Museum,Unknown,libido.cx
Old Highland Borg,Synchronet,ohb.synchronetbbs.org
Old Net BBS,Color 64,theoldnet.com:6400
Old School BBS,Synchronet,oldschool.synchronetbbs.org:513
Old Time BBS (Mystic),Mystic,oldtimebbs.com
Old Time BBS (Synchronet),Synchronet,206.81.1.60
Old Time's Sake BBS,Synchronet,otsbbs.ddns.net:2323
Oldest Future Object,Unknown,ofo.tw
Omicron BBS,Unknown,95.81.28.55:2003
Onix BBS,Synchronet,onixbbs.servebbs.com:2525
Online BBS,Unknown,online-bbs.selfhost.bz
Onyx,Unknown,185.139.32.178
Operation Ivy BBS,Unknown,opivy-bbs.com
Optical Illusion BBS,Color 64,optical.c64bbs.nu:64128
OPTO 22 BBS,Unknown,bbs.opto22.com
Orchestra BBS,Unknown,sacrebase.mywire.org:486
Oshaboy BBS,Synchronet,top-swadba.de:2323
"Outer Limits, The",Unknown,outerlimitsbbs.ddns.net
Outpost 9,Synchronet,bbs.outpost9.co:2023
Outremer,Unknown,52.36.77.149
Outta Control Hackers TWGS,TWGS,76.242.166.61:2002
Outta Control MajorBBS,MajorBBS,76.242.166.61
Outwest BBS,Synchronet,outwest.synchro.net
P.U.L.S.E. BBS World HQ,Unknown,pulsebbs.hopto.org:1984
Paladium BBS,Unknown,paladium.servebbs.com:20
Palantir BBS (1),Unknown,palantirbbs.ddns.net
PapiChulo's MajorBBS,Unknown,75.31.92.35
Paradox BBS (1),Synchronet,paradoxbbs.synchronetbbs.org:513
Paradox BBS (2),Unknown,18.222.210.54
Paranoid BBS,Unknown,88.80.185.171
Part-Time BBS,Unknown,ptbbs.ddns.net:8000
Particles! BBS,Color 64,particlesbbs.dyndns.org:6400
Party Bowl BBS,Synchronet,173.88.167.44:2323
Path Unknown BBS,Unknown,pathunknown.net
Pebkac.lol,Unknown,pebkac.lol
Penalty Box BBS,Unknown,thepenaltybox.org
Pepzi BBS,Unknown,pepzi.eu
Performance Leasing Systems,Unknown,97.76.12.194
Personal Home Cloud,Unknown,75.26.216.248:24
Pesto BBS,Unknown,bbs.pewp.us
Petit Caillou BBS,Image BBS,bbs.jayscafe.net:6402
Phantasm,Unknown,phantasm.bbs.io:4489
Phantom BBS,Unknown,bbs.phantombbs.info
Pharcyde BBS,Unknown,bbs.pharcyde.org
Phaseshift,Synchronet,phased.port0.org:2323
Phatstar Teleporter,Unknown,198.71.48.13:7777
Phoenix BBS,Synchronet,phoenix.bnbbbs.net
Phospher BBS,Unknown,bbs.phospher.com
PhreakNet,Unknown,bbs.phreaknet.org
PipeLine BBS,Unknown,bbs.wantit.net
Piranha BBS,Mystic,blackflag.acid.org:27
Pirate's Cove TWGS,Unknown,38.188.130.43
Pixelgrounds BBS (Enigma 1/2),Enigma 1/2,bbs.pixelgrounds.net:8888
Pixelgrounds BBS (Worldgroup),Worldgroup,bbs.pixelgrounds.net:8887
Planet Afr0,Enigma 1/2,planetafr0.org:8888
Plasma Sphere BBS,Unknown,84.92.196.99
Play LORD,Unknown,playlord.org
PlayMajorMUD.com,Unknown,playmajormud.com
PMF BBS,Unknown,bbs.venerandi.it
Poast BBS,Unknown,bbs.poast.org
Poignant Beacon (Pharos BBS),Unknown,bbs.pharos.rocks
Pool's Open â€“ The RetroSwim BBS,Synchronet,ezycom.retroswim.net:2323
Port of Call BBS (Image),Image BBS,pocbbs.duckdns.org:6400
Port of Call BBS (Renegade),Renegade,pocbbs.duckdns.org
Port of Call BBS (Synchronet),Synchronet,pocbbs.duckdns.org:2323
Pot O' Gold BBS,Synchronet,50.69.236.52:2513
Pretzel Systems BBS,Synchronet,pretzels.onthewifi.com:2323
PrimeNet,Synchronet,primenet.synchro.net
Pro-Kegs,Unknown,proline.ksherlock.com:6523
Protoweb BBS,Unknown,45.79.37.227
Public Electronic Networked Information System,Unknown,penisys.online:6502
Pweck's Retreat BBS,Unknown,pwecksretreat.com
QL Dump,Unknown,001english-eu.no-ip.biz
"Quantum Wormhole, The",Synchronet,bbs.erb.pw
Quazar BBS Door Game Server,Synchronet,quazarbbs.dynu.net:2523
Quest for Zen,Unknown,96.231.233.46
Quest TWGS,Unknown,thequesttwgs.game-host.org
Radio Freaks & Geeks,Unknown,radiostream.amigaz.org:2323
Ragnarok's BBS,Unknown,186.189.236.69:23021
Raiders Inc. BBS,Mystic,raidersbbs.zapto.org:1337
Ralser Lab BBS,Unknown,euklid.ddns.net:5745
Rampton Birds' Box,Unknown,www.fidonet.fi:32
RapidFire,Enigma 1/2,rapidfire.hopto.org:64128
Rats Den BBS,Color 64,bbs.catracing.org:6400
Raven of the Storm,Unknown,50.20.127.213
Raveolution,Enigma 1/2,raveolution.hopto.org:64128
Rayzer's BBS,Mystic,mail.hohimer.org:1336
RayzerNET BBS,Synchronet,connect.rayzer.net:2112
Razz Pie BBS,AmiExpress,razzpie.ddns.net:2300
RBB Systems Int'l,Unknown,rbb.fidonet.fi:32
RC-BOX,Unknown,rc2014.ddns.net:2014
Realitycheck BBS,Unknown,realitycheckbbs.org
Realm BBS,Synchronet,therealm.synchro.net
Realm of Darkness,Unknown,bbs.trod.org
Realm of Serion,Unknown,connect.serionbbs.com
Realm of the Wizard's Lair,Unknown,bbs.b-wells.us
Red Dragon BBS,Unknown,108.52.154.224
Red Star BBS,Synchronet,3.134.173.120:2323
Region 15 HQ,Unknown,region15.net
ReichBBS,Unknown,64.127.144.48
Reign of Fire,Color 64,call.rofbbs.com:6800
Reign of Fire II,Image BBS,call.rofbbs.com:6400
Reign of Fire III,Unknown,call.rofbbs.com:8502
Reticulum Ace,Unknown,bbs.acehoss.net
Retro Archive,Synchronet,bbs.retroarchive.org
Retro Running BBS,Unknown,retrorunning.ddns.net:8880
Retro Unboxers,Unknown,flashbackbbs.sytes.net:6502
Retro16 BBS,Unknown,mail.drf-solutions.net
Retro32 BBS,Synchronet,bbs.retro32.com:1337
Retroaktiv BBS,Unknown,retr0aktiv.com
Retroconnect,Unknown,retroconnect.org
RetroDigital BBS,Unknown,rdnetbbs.com
Retrogaming Activities,Synchronet,react-bbs.nikoh.it:2323
Retrograde BBS,Color 64,rtg.dyndns.biz:6428
Retrograde II BBS,Image BBS,cib.dyndns.org:6404
RetroLair BBS,AmiExpress,retrolair.amigaretro.net:6800
RetroNet Neo,Synchronet,retronetneo.synchronetbbs.org
Retroverse,Synchronet,bbs.retroverse.au:23023
Reverse Polarity,Unknown,revpol.lovelybits.org:1337
Richard's Fun House,Synchronet,richardf.synchro.net
Ricks BBS,Synchronet,ricksbbs.synchro.net
Rise N' Shine BBS,Unknown,rns.risenshinebbs.com
River Styx BBS,Synchronet,riverstyx.ddns.net:2323
RMSBBS,Unknown,rmsbbs.ddns.net
Rock BBS III,Synchronet,therockbbs.net:10023
Rockville Tavern,Unknown,bbs.rockvilletavern.com
Rogue Group TWGS,TWGS,bestbudgetmanager.com:2002
Roon's BBS,Synchronet,bbs.roonsbbs.hu:1212
RougeNet BBS,Enigma 1/2,bbs.roguenet.work:8888
Roughneck BBS,Unknown,host.roughneckbbs.com
Rougue BBS (Chinese),Unknown,35.201.128.35
Rusty Mailbox,Unknown,trmb.ca:2030
Sanctuary BBS,Unknown,sanctuary.zapto.org:1541
Sanctum II BBS (Mystic),Mystic,sanctumbbs.com
Sands of Time,Unknown,162.243.54.214
Santronics R&D Beta Site,Unknown,3.132.92.116:24
Santronics Software,Unknown,online.winserver.com:24
Satellite4,Color 64,satellite4.dynu.net:6400
SBB Systems,Enigma 1/2,sbbs.sbbsystems.com:8888
Scene List (1),Unknown,scenelist.org
Scene List (2),Unknown,87.212.201.57:4000
Scooby's Doo BBS,Synchronet,scoobysdoo.ddns.net:2023
Scratched Reality,Synchronet,reality.throwbackbbs.com:2323
SD2IEC Test BBS,Image BBS,cib.dyndns.org:6403
SDF-1 BBS,Synchronet,bbs.sdf1.net:5023
Sea Breeze Gaming Network (Synchronet),Synchronet,seabreeze.servegame.com:31
Sea Breeze Gaming Network (TWGS),TWGS,seabreeze.servegame.com:2002
Sea Breeze Gaming Network (Worldgroup),Worldgroup,seabreeze.servegame.com
Sea of Fantasy,Synchronet,seaoffantasy.synchronetbbs.org
Seattle BBS (Chinese),Unknown,seattle.tw
Section 31 TWGS,TWGS,sector31.lorfinglab.com:2002
Septima Corporate BBS,Unknown,3.72.83.34
Shadow BBS,Unknown,shadowbbs.com
ShadoWorks BBS,Synchronet,bbs.shadoworks.net
Shadowscope,Unknown,shadowscope.noip.us
ShadowThrone,Synchronet,109.247.190.78:2323
Shamrock BBS,Unknown,104.246.170.121
Shenk's Express,Unknown,shenksxp.dyndns.org
Shipwrecks & Shibboleths,Unknown,shibboleths.org:800
Shurato's Heavenly Sphere,Unknown,shsbbs.net
SiliconGraphics BBS,Unknown,bbs.flexion.io:7777
Silvermere,Mystic,silvermerebbs.org
Sinclair Retro BBS,Unknown,retrobbs.sinclair.homepc.it
Sinner's Heaven,Unknown,207.246.74.70
Skara Brea,Unknown,80.7.90.17:31337
Skynet BBS (1),Unknown,47.25.173.251
Skynet BBS (2),Synchronet,bbs.skynetbbs.com:20023
Slackers BBS,Synchronet,slackers.ovh:2323
Slasher BBS,Unknown,162.118.68.104
Slime City BBS,Enigma 1/2,bbs.retrohack.se
Snobsoft BBS,Image BBS,snobsoft.de:6401
Socket BBS,Unknown,45.79.43.40:1337
Soft Solutions,Synchronet,bbs.softsolutions.net.br:2023
Solar Bee,Unknown,5.64.189.202
Solarflow BBS,Unknown,solarflow.dynu.net
Solo BBS,Unknown,bbs.solobsd.org
Sorcerors Isle,Unknown,96.231.233.53
Sotano MSX BBS,Unknown,sotanomsxbbs.org
Sounds of Silence BBS,Unknown,sos-bbs.net
South Central,Synchronet,southcentral.se:1023
SouthEast Star,Synchronet,sestar.synchro.net
Southern Amis,Atari,southernamis.ddns.net
SpaceSST BBS,Unknown,gallaxial.com
Spades BBS,Synchronet,spades.synchronetbbs.org
Spaghetti Hut,AmiExpress,spaghettihut.amigaretro.net:6800
Spark Beer BBS,Unknown,bbs.spark.beer
Sparx BBS,Unknown,sparx.bbs.io
Splatter Haus,Unknown,splatter.haus:666
Sprawl BBS,Unknown,202.61.251.17
Squared Circle BBS,Unknown,45.79.93.198
Star Collision BBS,Synchronet,scbbs.nsupdate.info:61023
Star Fleet HQ,Synchronet,bbs.sfhqbbs.org:5983
Star Flight BBS,Unknown,stateoftheark.ca:1990
Star Killer's TWGS,TWGS,sk-twgs.com:2002
Star Mansion Returns,Synchronet,66.23.221.29:2323
Starbase 11 BBS,Synchronet,bbs.starbase11.de:2323
Starbase 21,Unknown,bbs.starbase21.net
Starbug BBS,Unknown,starbugbbs.com
StarDoc 134,Synchronet,bbs.stardoc134.com:2323
Starship Junkyard,Unknown,bbs.starshipjunkyard.com
Steven's Hive BBS,Unknown,stevensbbs.stevenshive.xyz
Storm BBS,Unknown,telnet.stormbbs.com
Stormgate BBS,Synchronet,stormgate.synchronetbbs.org
Strange Planet BBS,AmiExpress,strangeplanet.org:6800
Street Corner BBS,Color 64,streetcorner.ddns.net:6400
Strip It To Ride,BBS Express Pro,104.142.112.149:9000
Subcarrier BBS,Synchronet,subcarrier.ignorelist.com:2323
Subhuman,Unknown,subhuman.ddns.net:1338
Sugar Test BBS,Unknown,bbs.lizsugar.me:6000
Sumxin BBS (Chinese),Unknown,39.105.182.131:6666
Super Dimension Fortress (SDF-1),Unknown,sdf.org
Surf Shop BBS (1),Color 64,ssbbs.ddns.net:6510
Surf Shop BBS (2),Unknown,ssbbs.ddns.net:6502
Sursum Corda TWGS,TWGS,sursum-corda.com:2002
Swap BBS,Unknown,dose.0wnz.at
SWATS BBS,Synchronet,swatsbbs.ddns.net:2323
Swedish User Group Of Amiga,Unknown,suga.se:42512
SwissIRC BBS,Unknown,bbs.swissirc.net
Swords Of Chaos Forever BBS,Unknown,bbs.soc4ever.com
Synchronix,Synchronet,nix.synchro.net
Synerchat,Unknown,synerchat.com
Sysop Solaris Dot Com (Menu),Synchronet,sysopsolaris.ddns.net:2323
System One BBS,Image BBS,cib.dyndns.org:6491
Taco Pronto,Unknown,tacopronto.bbs.io
Tardis,Unknown,bbs.cortex-media.info
Tassie Bob BBS,Synchronet,bbs.tassiebob.com:2323
Technoanarchy,Synchronet,technoanarchy.synchronetbbs.org:513
Techrono BBS,Synchronet,techrono.synchro.net
Techware,Unknown,bbs.techware2k.com
TelBox,Unknown,telbox.net
Telehack,Unknown,telehack.com
Tempest Fury BBS,Unknown,tempestfury.d2g.com
Terminal Obsession,Unknown,terminal-obsession.hopto.org:1541
Terra Brasilis,Unknown,tbrasilis.ddns.net:23000
Terran Empire,Unknown,73.178.46.44:1017
TFSI BBS,Unknown,bbs.tfsi.dev
The BBS,Unknown,24.237.16.152
Theo BBS,Synchronet,bbs.theoretically.net:60723
There Can Only Be One (TCOB1),Unknown,194.36.65.41
This Old Cabin (English),Color 64,bbs.thisoldcabin.net:6464
This Old Cabin (Swedish),Synchronet,bbs.thisoldcabin.net:2323
Thrace BBS,Synchronet,bbs.tabakov.net:13023
Three Blind Mice,Synchronet,threeblindmice.synchronetbbs.org
Throwback BBS,Synchronet,bbs.throwbackbbs.com
Thunder BBS,Synchronet,149.56.47.118:1023
Thunder-Line BBS,Synchronet,thunder.synchro.net
Thunderbolt BBS,Synchronet,tbolt.synchro.net:49815
Tigernet BBS,Unknown,tigernet.dewindt.us
Tilde BBS,Unknown,tilde.sbs
Time Warp BBS,Image BBS,twb.wrgnbr.com:6896
Time Warp of Future,Synchronet,time.synchro.net:24
Timelord BBS,Unknown,teehill.adirondackpc.com:2020
"Titantic BBS Telnet, The",Unknown,ttb.rgbbs.info
Tomato Place,Enigma 1/2,bbs.tomato.place:8888
Tommy's Holiday Camp,NanoBBS,vintage.thcbbs.com
Too Lazy BBS,Synchronet,toolazy.synchro.net:2323
Tool Shed,Synchronet,toolshed.synchro.net:2323
Totally Nerd BBS,Synchronet,totallynerd.com:5523
Toxic Laboratory BBS,Synchronet,toxicbbs.com
TQPS,Worldgroup,tqps.ddns.net
Trade Wars Academy TWGS,TWGS,tradewarsacademy.com:2002
Trade Wars Club,TWGS,ta97-portal.win:2002
Transfer Interruped BBS,Synchronet,news.belchi.org:2323
Transgender Airlines BBS,Synchronet,corsysystem.org:2300
Trashcan BBS,Searchlight,bbs.thenet.gen.nz:2324
Triangles Mafia BBS,Wildcat,bbs.trianglesmafia.com
Tsinghua Univ. (Fengqiao Stn.),MapleBBS,bbs.cs.nthu.edu.tw
TuxedoCat Lounge,Wildcat,bbs.tuxedocatbbs.com:2323
TVRi BBS,Synchronet,fruity.turbit.eu
TW Lounge BBS,Synchronet,bbs.twlounge.net
Twixed BBS,Mystic,twixed.net:62323
Two Girl BBS,Custom,bbs.2girl.net
Tycho Station,Synchronet,bbs.tychostation.it
Uncensored!,Citadel,uncensored.citadel.org
Uncomfortable Business,Telegard,bbs.uncomfortable.business:6423
Undercurrents BBS,Enigma 1/2,undercurrents.io:8088
Underground BBS,Mystic,www.theunderground.us:10023
Undermine BBS,Synchronet,bbs.undermine.ca
Undernet BBS,Mystic,undernet.uy
Unicyber BBS,Synchronet,bbs.unicyber.co.uk:2323
Unix-Bit BBS,Synchronet,x-bit.org:1336
Unknown Realm (Mystic),Mystic,turealm.no-ip.org:3023
Unknown Realm (PCBoard),PCBoard,turealm.no-ip.org:2323
Unleashed BBS,Synchronet,www.unleashedinet.org
UORealms BBS,MajorBBS,bbs.uorealms.com
US 99 BBS,Synchronet,bbs.quinnnet.org
UserClub BBS,Synchronet,userclub-bbs.com
USS Excelsior BBS,Mystic,excelsiorbbs.ddns.net:2000
Util's Retro BBS,WWIV,retro.setsuid.net:8221
Uzi Suicide,AmiExpress,uzisuicide.servebbs.org
V01d C1ph3r,Synchronet,bbs.canerduh.com:23056
Vague BBS,Synchronet,vague.ddns.net
Valley BBS (1),Synchronet,valleybbs.com
Valley BBS (2),C-Base,valley64.com:6400
Vault BBS,Mystic,thevaultbbs.ddns.net:2323
Veleno BBS,Synchronet,velenobbs.net
Verify-Nebula,Synchronet,verify-nebula.kicks-ass.net
Vern BBS,Synchronet,vern.cc
Vertrauen,Synchronet,vert.synchro.net
Violeti BBS,Mystic,violetyggdrasil.live:1144
"Viper BBS, The",Synchronet,theviperbbs.ddnsfree.com
Viper's Pit TWGS,TWGS,sk-twgs.com:2002
VK7HDM's BBS,Mystic,workstation.ddmcomputers.com.au:2323
VOID BBS,Worldgroup,voidbbs.com
Vortex BBS (1),Mystic,vortexbbs.com
Vortex BBS (2),Wildcat,vortex.redirectme.net:3777
W4BFB,BPQ32,packet.w4bfb.org:2333
WABAC Machine BBS,Worldgroup,wabac.ccsnet.com
Wall BBS,Synchronet,99.53.196.18
Walled City,TAG,bbs.walledctty.com:1989
War Ensemble BBS,Synchronet,warensemble.com
Wassup,Synchronet,wassup.the.net.nz
Wastelands BBS,Synchronet,wastelands-bbs.net:2323
Wastelands BBS II,Wildcat,wastelands-bbs.net
Weather Station BBS,WWIV,bbs.weather-station.org
Weed Net,Synchronet,weednet.synchronetbbs.org
Westland BBS,Mystic,bbs.korenblom.nl
Westwood BBS,Color 64,westwoodbbs.net:64738
Whisky Lover's Amateur Radio BBS,Synchronet,wd1cks.org
Who Dares Wins Amiga BBS,Mystic,whodareswinsbbs.uk
Wildcat's Castle BBS,Wildcat,bbs.wccastle.net:2424
Willamette Apple Connection (WAC) BBS,Warp Six,wacbbs.ddns.net:6502
Willow Creek BBS,Color 64,willowcreekbbs.dynu.net:6400
Windows 10 City,Synchronet,win10.retro-os.live
Windy City Study House,OpenPTT,bbs.windcity.net
Wintermute BBS,MBSE,wintermutebbs.ddns.net
Wizard's Castle,Synchronet,wccastle.synchro.net:24
Wizard's Rainbow,Wildcat,wizardsrainbow.com
Wizzy BBS,Synchronet,wizzybbs.win
WORD BBS,Custom,wordbbs.hopto.org:64128
Worlds Apart (TWGS),TWGS,tw.worldsapart.net:2002
Wormhole II BBS,Synchronet,wh2bbs.us:2321
Wreck Hall,Worldgroup,bbs.wreckhall.net
Wretched Beagle BBS,WWIV,bbs.wretchedbeagle.com
Wrong Number ][ BBS,Mystic,wn2.wrgnbr.com
Wrong Number ][ BBS Retro 1993!!,Image BBS,wn6.wrgnbr.com:6411
Wrong Number ][ V2.0,Image BBS,cib.dyndns.org:6405
Wrong Number ]I[ BBS,CNet Pro,wn3.wrgnbr.com:6400
Wrong Number IV BBS,Image BBS,wn4.wrgnbr.com:3000
X-Bit BBS,Synchronet,x-bit.org
X65.zone BBS (1),Enigma 1/2,bbs.x65.zone:8888
Xibalba,Enigma 1/2,xibalba.l33t.codes:44510
Y4LQUZAQ BBS,Mystic,5.230.40.16
Yard BBS,Daydream,unknown.identi.ty.cg
Zelch BBS,Zelch 128,coffeemud.net:6502
ZenBBS,Synchronet,zen.kawasu.wtf
Zenolab,Synchronet,zenolab.synchro.net
ZeroTwo's BBS,Synchronet,bbs.zerotwo.tech
Zone BBS,Mystic,66.61.41.20
Zooropa BBS,Mystic,52.4.41.44:2323
Zot TWGS,TWGS,tw2002.zot.org:2002
Zruspa's BBS,Synchronet,bbs.zruspas.org
